date,open,high,low,close,volume
2022-08-23,0.086,0.0906,0.0831,0.0874,5026566.0
2022-08-24,0.0873,0.0895,0.0845,0.0868,2682196.0
2022-08-25,0.0869,0.095,0.0869,0.091,10136341.0
2022-08-26,0.091,0.0918,0.0826,0.0837,5394454.0
2022-08-27,0.0834,0.0904,0.0806,0.0821,8252784.0
2022-08-28,0.0819,0.0827,0.0775,0.0776,2349663.0
2022-08-29,0.0776,0.0926,0.0776,0.0861,14948520.0
2022-08-30,0.086,0.0866,0.0811,0.0826,5901901.0
2022-08-31,0.0831,0.0853,0.0825,0.0835,2853751.0
2022-09-01,0.084,0.0914,0.0825,0.0861,13551038.0
2022-09-02,0.0866,0.0867,0.0835,0.0835,2995242.0
2022-09-03,0.0838,0.0855,0.0831,0.084,1400965.0
2022-09-04,0.084,0.0856,0.0832,0.0854,1092460.0
2022-09-05,0.0856,0.086,0.084,0.085,1494771.0
2022-09-06,0.085,0.087,0.0792,0.0798,4119269.0
2022-09-07,0.0796,0.0835,0.0775,0.0818,4324407.0
2022-09-08,0.082,0.0853,0.0808,0.0829,6211206.0
2022-09-09,0.0827,0.0868,0.0827,0.0856,5475498.0
2022-09-10,0.0856,0.089,0.0847,0.0877,5591783.0
2022-09-11,0.0877,0.0885,0.0865,0.0885,3670291.0
2022-09-12,0.0884,0.0894,0.085,0.0863,5956699.0
2022-09-13,0.0863,0.0896,0.0806,0.0806,6215784.0
2022-09-14,0.0805,0.0845,0.0795,0.0829,9196683.0
2022-09-15,0.0827,0.0862,0.08,0.0809,7668363.0
2022-09-16,0.0809,0.0827,0.08,0.0816,3447121.0
2022-09-17,0.0816,0.085,0.0809,0.084,4113390.0
2022-09-18,0.084,0.0858,0.0784,0.0788,8765519.0
2022-09-19,0.0788,0.0814,0.0756,0.0799,9730359.0
2022-09-20,0.0802,0.0809,0.0762,0.0768,3710118.0
2022-09-21,0.0768,0.0802,0.0743,0.0756,4719906.0
2022-09-22,0.0756,0.0793,0.0753,0.0786,2611893.0
2022-09-23,0.0788,0.0791,0.0745,0.0774,5585241.0
2022-09-24,0.0774,0.0788,0.0767,0.0776,2978171.0
2022-09-25,0.0776,0.0781,0.0757,0.0767,2533924.0
2022-09-26,0.0767,0.0783,0.0755,0.0767,2319596.0
2022-09-27,0.0769,0.0801,0.0755,0.0775,6810466.0
2022-09-28,0.0776,0.0819,0.0755,0.0766,10096541.0
2022-09-29,0.0767,0.0791,0.0765,0.0786,3693209.0
2022-09-30,0.0784,0.082,0.0779,0.078,6955507.0
2022-10-01,0.0781,0.0786,0.0772,0.0772,1298346.0
2022-10-02,0.0774,0.0781,0.0757,0.0763,1617456.0
2022-10-03,0.0764,0.0874,0.0759,0.0785,27978247.0
2022-10-04,0.0786,0.0823,0.0777,0.08,9186096.0
2022-10-05,0.08,0.08,0.0776,0.0779,3800130.0
2022-10-06,0.078,0.0793,0.0764,0.0783,6379854.0
2022-10-07,0.0784,0.0784,0.076,0.0767,4424734.0
2022-10-08,0.0767,0.0771,0.0747,0.0751,3471408.0
2022-10-09,0.075,0.0771,0.0744,0.0758,2901226.0
2022-10-10,0.0758,0.0763,0.0701,0.073,3878958.0
2022-10-11,0.073,0.073,0.0707,0.0709,2561362.0
2022-10-12,0.0708,0.0717,0.0699,0.0702,1253462.0
2022-10-13,0.0702,0.0706,0.0618,0.0687,7659327.0
2022-10-14,0.0687,0.0727,0.0686,0.0702,5527650.0
2022-10-15,0.0702,0.2065,0.0699,0.1498,636915976.0
2022-10-16,0.1498,0.2226,0.106,0.1158,475599402.0
2022-10-17,0.116,0.1288,0.1005,0.1126,181682080.0
2022-10-18,0.1123,0.143,0.1059,0.1243,235046448.0
2022-10-19,0.1241,0.127,0.0952,0.0953,59808729.0
2022-10-20,0.0955,0.1048,0.0931,0.098,45638864.0
2022-10-21,0.0981,0.119,0.0976,0.1026,120270810.0
2022-10-22,0.1027,0.1036,0.0952,0.0979,30326983.0
2022-10-23,0.0979,0.098,0.0911,0.093,27910763.0
2022-10-24,0.0928,0.0949,0.0893,0.0897,12143340.0
2022-10-25,0.0897,0.0991,0.0873,0.0915,33716954.0
2022-10-26,0.0915,0.0931,0.0888,0.0893,17350813.0
2022-10-27,0.0892,0.1046,0.0889,0.0948,45565672.0
2022-10-28,0.095,0.1139,0.0917,0.1017,113875188.0
2022-10-29,0.1016,0.1016,0.0918,0.0931,26129943.0
2022-10-30,0.0931,0.0936,0.0901,0.0912,14688820.0
2022-10-31,0.0911,0.0962,0.0908,0.0918,22691452.0
2022-11-01,0.0915,0.0972,0.09,0.0949,27719156.0
2022-11-02,0.0948,0.1,0.0891,0.0907,25022427.0
2022-11-03,0.0909,0.095,0.09,0.0906,15550341.0
2022-11-04,0.0906,0.0955,0.0903,0.0937,16184362.0
2022-11-05,0.094,0.0955,0.0926,0.0937,14511816.0
2022-11-06,0.0935,0.122,0.0928,0.1055,150143690.0
2022-11-07,0.1057,0.1093,0.093,0.0939,50894653.0
2022-11-08,0.0941,0.0947,0.0709,0.0779,32233981.0
2022-11-09,0.0779,0.078,0.0623,0.0636,19368418.0
2022-11-10,0.0636,0.0797,0.0631,0.0761,33949262.0
2022-11-11,0.0761,0.0772,0.0693,0.072,13630964.0
2022-11-12,0.0722,0.0763,0.0693,0.0732,10845379.0
2022-11-13,0.0733,0.0754,0.0692,0.0701,8898587.0
2022-11-14,0.0701,0.0722,0.0666,0.0708,8381451.0
2022-11-15,0.0705,0.0746,0.0703,0.0717,8582085.0
2022-11-16,0.0716,0.0723,0.0683,0.0703,5615351.0
2022-11-17,0.0702,0.0792,0.0693,0.0759,34538000.0
2022-11-18,0.0759,0.0763,0.0715,0.073,9551145.0
2022-11-19,0.073,0.0765,0.072,0.0738,7907644.0
2022-11-20,0.0739,0.077,0.0699,0.0704,12345361.0
2022-11-21,0.0706,0.0765,0.0675,0.0703,16453191.0
2022-11-22,0.0705,0.0748,0.0693,0.0729,7843618.0
2022-11-23,0.073,0.0761,0.0729,0.0747,11089985.0
2022-11-24,0.0747,0.0766,0.0727,0.0738,8135226.0
2022-11-25,0.0738,0.0744,0.0713,0.0727,4444649.0
2022-11-26,0.0728,0.0777,0.0727,0.077,8195811.0
2022-11-27,0.0766,0.0774,0.0731,0.0744,10016852.0
2022-11-28,0.0745,0.08,0.0731,0.0748,29413511.0
2022-11-29,0.0749,0.0819,0.0744,0.0778,16188772.0
2022-11-30,0.0778,0.0936,0.077,0.0821,38629900.0
2022-12-01,0.0822,0.0832,0.0778,0.0782,10077151.0
2022-12-02,0.0782,0.0825,0.0769,0.0801,8280134.0
2022-12-03,0.0801,0.085,0.0789,0.0793,7893606.0
2022-12-04,0.0791,0.0815,0.0789,0.0809,4233157.0
2022-12-05,0.0809,0.0818,0.0789,0.079,2273217.0
2022-12-06,0.0791,0.0848,0.079,0.0811,13776971.0
2022-12-07,0.0812,0.0814,0.0761,0.0767,6403624.0
2022-12-08,0.0767,0.079,0.0763,0.0783,3016482.0
2022-12-09,0.0784,0.0812,0.0774,0.0791,5029746.0
2022-12-10,0.0793,0.0879,0.0785,0.0796,31813509.0
2022-12-11,0.0794,0.0804,0.0774,0.0776,4664706.0
2022-12-12,0.0774,0.0786,0.0763,0.0768,4746939.0
2022-12-13,0.077,0.0785,0.0736,0.0781,6833021.0
2022-12-14,0.0781,0.0814,0.077,0.0781,6431671.0
2022-12-15,0.0781,0.0786,0.0764,0.0765,2315393.0
2022-12-16,0.0764,0.078,0.0693,0.0699,4217494.0
2022-12-17,0.0697,0.0711,0.0671,0.0701,4190798.0
2022-12-18,0.0701,0.0736,0.0689,0.0692,3660497.0
2022-12-19,0.0693,0.07,0.0651,0.0663,3070255.0
2022-12-20,0.0665,0.075,0.0661,0.0708,13006552.0
2022-12-21,0.0708,0.0708,0.0685,0.069,3152779.0
2022-12-22,0.0691,0.0699,0.0669,0.0687,2518434.0
2022-12-23,0.0687,0.07,0.0684,0.069,1621273.0
2022-12-24,0.0691,0.0705,0.0689,0.0692,2589498.0
2022-12-25,0.0691,0.0695,0.0679,0.0682,1239874.0
2022-12-26,0.0682,0.0697,0.0677,0.0691,2183164.0
2022-12-27,0.0692,0.07,0.0671,0.0683,1183297.0
2022-12-28,0.068,0.0686,0.0657,0.0661,2118762.0
2022-12-29,0.0662,0.0668,0.0645,0.0654,1789300.0
2022-12-30,0.0654,0.0659,0.0641,0.0655,1604090.0
2022-12-31,0.0654,0.067,0.0651,0.0657,1274709.0
2023-01-01,0.0655,0.0666,0.0653,0.0664,676310.0
2023-01-02,0.0664,0.0685,0.0655,0.0678,2001094.0
2023-01-03,0.068,0.0684,0.0664,0.0672,1505329.0
2023-01-04,0.067,0.069,0.067,0.0685,2188974.0
2023-01-05,0.0686,0.0719,0.0677,0.0687,7878816.0
2023-01-06,0.0685,0.0735,0.0679,0.0711,13168245.0
2023-01-07,0.0711,0.0715,0.0698,0.0701,2236492.0
2023-01-08,0.0701,0.0738,0.0697,0.0732,8017611.0
2023-01-09,0.0733,0.075,0.0718,0.072,5078472.0
2023-01-10,0.0721,0.0748,0.0707,0.0737,3478831.0
2023-01-11,0.0737,0.0744,0.0716,0.0744,3230550.0
2023-01-12,0.0743,0.0751,0.0721,0.0745,5332902.0
2023-01-13,0.0745,0.0786,0.0741,0.0774,4283645.0
2023-01-14,0.0772,0.086,0.0648,0.0807,14911254.0
2023-01-15,0.0807,0.0815,0.0775,0.0799,3887476.0
2023-01-16,0.0799,0.0817,0.077,0.0807,5026044.0
2023-01-17,0.0808,0.0852,0.0801,0.0818,7793962.0
2023-01-18,0.0819,0.0832,0.0749,0.0758,8471283.0
2023-01-19,0.076,0.0791,0.0756,0.0786,3980791.0
2023-01-20,0.0785,0.0827,0.0773,0.0826,3721167.0
2023-01-21,0.0826,0.0848,0.0808,0.0812,5922042.0
2023-01-22,0.0812,0.0845,0.0807,0.0832,7322312.0
2023-01-23,0.0832,0.0958,0.083,0.0894,32193924.0
2023-01-24,0.0892,0.1199,0.087,0.094,100445188.0
2023-01-25,0.0944,0.1148,0.0889,0.0984,57780757.0
2023-01-26,0.0984,0.1006,0.0957,0.0967,10569400.0
2023-01-27,0.0968,0.0977,0.0946,0.0964,7042105.0
2023-01-28,0.0966,0.0997,0.0944,0.0961,6049418.0
2023-01-29,0.0961,0.0979,0.0951,0.0976,5854015.0
2023-01-30,0.0978,0.0985,0.0886,0.0899,8613161.0
2023-01-31,0.0899,0.0938,0.0889,0.0927,4164923.0
2023-02-01,0.0927,0.0971,0.089,0.0955,7749674.0
2023-02-02,0.0955,0.101,0.0955,0.0963,8775550.0
2023-02-03,0.0964,0.1003,0.0953,0.0994,4759126.0
2023-02-04,0.0994,0.1013,0.0977,0.0993,5158934.0
2023-02-05,0.0994,0.11,0.0981,0.1035,28358738.0
2023-02-06,0.1036,0.1059,0.0991,0.1014,8592756.0
2023-02-07,0.1012,0.1049,0.0979,0.1042,11870972.0
2023-02-08,0.1041,0.1056,0.1003,0.1021,8168037.0
2023-02-09,0.1022,0.1024,0.0913,0.0923,7764373.0
2023-02-10,0.0925,0.0966,0.0917,0.0944,7795814.0
2023-02-11,0.0944,0.0959,0.0935,0.0956,2885002.0
2023-02-12,0.0956,0.0984,0.0939,0.0951,3671457.0
2023-02-13,0.0953,0.0961,0.09,0.0922,3633521.0
2023-02-14,0.092,0.0954,0.0914,0.0947,3438038.0
2023-02-15,0.0947,0.0999,0.0933,0.0996,4142021.0
2023-02-16,0.0994,0.116,0.0986,0.1002,39929659.0
2023-02-17,0.1002,0.1069,0.1001,0.1053,8995229.0
2023-02-18,0.1051,0.1061,0.1021,0.1044,4366597.0
2023-02-19,0.1043,0.109,0.1025,0.1059,11693093.0
2023-02-20,0.106,0.1136,0.1037,0.1112,17337527.0
2023-02-21,0.1113,0.158,0.111,0.1238,175403508.0
2023-02-22,0.1237,0.1312,0.1145,0.1239,34543534.0
2023-02-23,0.1239,0.1356,0.1196,0.1327,27111800.0
2023-02-24,0.1327,0.1477,0.1215,0.1237,32166017.0
2023-02-25,0.1237,0.1255,0.1114,0.1189,23144321.0
2023-02-26,0.1189,0.1309,0.117,0.1266,16379780.0
2023-02-27,0.1266,0.1298,0.1197,0.1224,13178261.0
2023-02-28,0.1226,0.1325,0.1186,0.124,20489614.0
2023-03-01,0.124,0.1334,0.1212,0.1281,17595235.0
2023-03-02,0.1281,0.1281,0.12,0.1247,8554735.0
2023-03-03,0.1246,0.1247,0.1116,0.1128,9322468.0
2023-03-04,0.1128,0.1143,0.1055,0.1083,6255969.0
2023-03-05,0.1083,0.1246,0.1082,0.11,19627328.0
2023-03-06,0.1101,0.1194,0.1086,0.1168,12273481.0
2023-03-07,0.1167,0.1238,0.1101,0.1124,20036788.0
2023-03-08,0.1124,0.1138,0.1066,0.1078,6375943.0
2023-03-09,0.1077,0.1095,0.0956,0.1021,11309317.0
2023-03-10,0.1019,0.1023,0.0911,0.0978,9939012.0
2023-03-11,0.0978,0.0997,0.0929,0.0975,4514320.0
2023-03-12,0.0974,0.1146,0.0965,0.1066,35391983.0
2023-03-13,0.1065,0.1165,0.1037,0.1122,17228768.0
2023-03-14,0.1124,0.1214,0.109,0.1115,20231622.0
2023-03-15,0.1115,0.1155,0.1051,0.1071,9498616.0
2023-03-16,0.1071,0.1124,0.1067,0.1103,5021629.0
2023-03-17,0.1102,0.1172,0.1093,0.1168,9609505.0
2023-03-18,0.1169,0.1228,0.1117,0.112,12636370.0
2023-03-19,0.112,0.117,0.111,0.1137,6032363.0
2023-03-20,0.1137,0.1155,0.1085,0.11,6554487.0
2023-03-21,0.11,0.1142,0.1069,0.1125,5443687.0
2023-03-22,0.1127,0.1139,0.104,0.1071,5225819.0
2023-03-23,0.1071,0.111,0.1061,0.1093,4521529.0
2023-03-24,0.1092,0.1105,0.1028,0.1033,3636003.0
2023-03-25,0.1032,0.1048,0.1012,0.1025,2677006.0
2023-03-26,0.1024,0.1065,0.1018,0.1052,2206981.0
2023-03-27,0.1053,0.1062,0.0999,0.102,4042850.0
2023-03-28,0.1021,0.1042,0.0996,0.103,3214075.0
2023-03-29,0.103,0.1067,0.1028,0.1057,3517233.0
2023-03-30,0.1057,0.1073,0.1028,0.1052,3252224.0
2023-03-31,0.1054,0.1122,0.1043,0.1103,7779064.0
2023-04-01,0.1107,0.1137,0.1087,0.1093,5820316.0
2023-04-02,0.1093,0.1095,0.1048,0.1061,3286120.0
2023-04-03,0.106,0.1069,0.1011,0.1031,5772569.0
2023-04-04,0.1032,0.1061,0.1024,0.1054,3303660.0
2023-04-05,0.1051,0.1114,0.1047,0.1088,8875559.0
2023-04-06,0.109,0.1093,0.1057,0.1081,3849609.0
2023-04-07,0.108,0.1088,0.105,0.1054,2993046.0
2023-04-08,0.1052,0.1106,0.1047,0.109,4611545.0
2023-04-09,0.109,0.1358,0.1081,0.1106,81518509.0
2023-04-10,0.1106,0.1144,0.1097,0.1119,14391815.0
2023-04-11,0.1119,0.1143,0.1098,0.11,7588644.0
2023-04-12,0.11,0.1102,0.1044,0.1079,6248222.0
2023-04-13,0.1079,0.1149,0.107,0.113,11922129.0
2023-04-14,0.1129,0.1159,0.1095,0.1125,11600189.0
2023-04-15,0.1125,0.115,0.1112,0.1136,6915457.0
2023-04-16,0.1136,0.1165,0.1132,0.1154,10977268.0
2023-04-17,0.1154,0.1181,0.1117,0.1158,12433673.0
2023-04-18,0.1158,0.1187,0.1145,0.1166,8915870.0
2023-04-19,0.1164,0.1173,0.1068,0.1077,7856692.0
2023-04-20,0.1075,0.1104,0.1048,0.1076,7060778.0
2023-04-21,0.1074,0.1081,0.0989,0.0994,5405452.0
2023-04-22,0.0994,0.1025,0.098,0.1024,3191325.0
2023-04-23,0.1022,0.1034,0.0993,0.1004,4249919.0
2023-04-24,0.1003,0.1022,0.0993,0.0998,2885841.0
2023-04-25,0.0997,0.1025,0.098,0.1024,6280260.0
2023-04-26,0.1025,0.1047,0.0984,0.1007,5541401.0
2023-04-27,0.1007,0.1036,0.1003,0.1027,3246680.0
2023-04-28,0.1029,0.1033,0.1004,0.1011,2078566.0
2023-04-29,0.1012,0.1045,0.1008,0.1031,4311213.0
2023-04-30,0.1031,0.1036,0.101,0.1016,1627767.0
2023-05-01,0.1017,0.1021,0.0988,0.0995,2193487.0
2023-05-02,0.0995,0.1059,0.0993,0.1013,13152146.0
2023-05-03,0.1015,0.103,0.0965,0.1012,6214687.0
2023-05-04,0.1012,0.1028,0.099,0.0995,1802335.0
2023-05-05,0.0997,0.1019,0.0988,0.1001,3370545.0
2023-05-06,0.1002,0.1012,0.0952,0.096,2767155.0
2023-05-07,0.096,0.0974,0.093,0.0932,1834349.0
2023-05-08,0.0931,0.0936,0.0821,0.085,6875547.0
2023-05-09,0.085,0.0871,0.085,0.0856,1198844.0
2023-05-10,0.0856,0.0902,0.0837,0.0867,6530127.0
2023-05-11,0.0866,0.0869,0.0812,0.0822,4533308.0
2023-05-12,0.0819,0.0854,0.0811,0.0849,4680957.0
2023-05-13,0.0849,0.085,0.0838,0.0844,1477191.0
2023-05-14,0.0843,0.0854,0.0835,0.0843,779554.0
2023-05-15,0.0845,0.0876,0.0838,0.0863,1411111.0
2023-05-16,0.0863,0.088,0.0855,0.0874,1240577.0
2023-05-17,0.0871,0.0884,0.0852,0.0879,1429379.0
2023-05-18,0.0876,0.0882,0.0864,0.0874,911055.0
2023-05-19,0.0874,0.0929,0.0873,0.0889,6763149.0
2023-05-20,0.0889,0.0895,0.088,0.0884,1616918.0
2023-05-21,0.0883,0.0883,0.0846,0.0853,1213755.0
2023-05-22,0.0851,0.0854,0.0836,0.0844,2130299.0
2023-05-23,0.0843,0.0871,0.0842,0.0859,3326811.0
2023-05-24,0.086,0.0871,0.0819,0.0833,2729243.0
2023-05-25,0.0833,0.0892,0.0817,0.0874,7883719.0
2023-05-26,0.0873,0.0879,0.0852,0.0863,2663521.0
2023-05-27,0.0864,0.0865,0.0851,0.0859,1185279.0
2023-05-28,0.0858,0.089,0.0855,0.0879,1470160.0
2023-05-29,0.088,0.0884,0.086,0.0865,1545911.0
2023-05-30,0.0864,0.0875,0.0857,0.0868,2900358.0
2023-05-31,0.0867,0.0869,0.083,0.0843,1547244.0
2023-06-01,0.0843,0.0883,0.0829,0.0861,3639340.0
2023-06-02,0.0861,0.0873,0.0852,0.0865,2344613.0
2023-06-03,0.0866,0.0893,0.086,0.087,2569025.0
2023-06-04,0.0869,0.0877,0.0854,0.0855,1041118.0
2023-06-05,0.0855,0.0855,0.0767,0.0787,5057250.0
2023-06-06,0.0784,0.0794,0.0722,0.0782,8840111.0
2023-06-07,0.0781,0.0782,0.0696,0.0709,5405584.0
2023-06-08,0.0708,0.0734,0.0696,0.072,2134069.0
2023-06-09,0.072,0.0743,0.0711,0.0731,2755276.0
2023-06-10,0.0732,0.074,0.0522,0.0585,28934809.0
2023-06-11,0.0585,0.0593,0.0566,0.0572,7148125.0
2023-06-12,0.0571,0.0573,0.0558,0.057,2583610.0
2023-06-13,0.057,0.0676,0.0568,0.0626,38315221.0
2023-06-14,0.0624,0.0638,0.0563,0.0575,15240967.0
2023-06-15,0.0575,0.0583,0.0558,0.0578,4545037.0
2023-06-16,0.0576,0.0608,0.0574,0.0597,3500099.0
2023-06-17,0.0597,0.0624,0.0594,0.0603,3210211.0
2023-06-18,0.0603,0.061,0.059,0.06,3209873.0
2023-06-19,0.0599,0.0624,0.0595,0.0601,7142734.0
2023-06-20,0.0602,0.0611,0.0582,0.0611,3395276.0
2023-06-21,0.061,0.0639,0.0609,0.0635,7570163.0
2023-06-22,0.0635,0.0653,0.0616,0.0621,4722287.0
2023-06-23,0.0622,0.0687,0.0619,0.0662,10778903.0
2023-06-24,0.0663,0.0693,0.0652,0.0672,12685258.0
2023-06-25,0.0674,0.0705,0.0671,0.0682,7472159.0
2023-06-26,0.0682,0.0682,0.0638,0.0646,7866804.0
2023-06-27,0.0647,0.0662,0.0647,0.0654,4283923.0
2023-06-28,0.0654,0.0655,0.0602,0.0605,4682237.0
2023-06-29,0.0606,0.0626,0.0605,0.0614,2853049.0
2023-06-30,0.0616,0.0647,0.0604,0.0636,4997863.0
2023-07-01,0.0634,0.0647,0.0626,0.0646,2854514.0
2023-07-02,0.0647,0.065,0.0624,0.0634,3699576.0
2023-07-03,0.0633,0.0675,0.0629,0.0658,7968347.0
2023-07-04,0.066,0.0692,0.0656,0.0675,9800182.0
2023-07-05,0.0676,0.0696,0.0639,0.0647,7609585.0
2023-07-06,0.0647,0.0667,0.0625,0.0634,4408833.0
2023-07-07,0.0634,0.0656,0.0628,0.0653,3434985.0
2023-07-08,0.0652,0.0675,0.0644,0.0662,4724192.0
2023-07-09,0.0662,0.0813,0.0659,0.0686,101911193.0
2023-07-10,0.0688,0.069,0.0657,0.0661,18078664.0
2023-07-11,0.0663,0.0674,0.0647,0.0655,8196845.0
2023-07-12,0.0656,0.066,0.0643,0.0657,4686723.0
2023-07-13,0.0657,0.0688,0.0643,0.0688,8655399.0
2023-07-14,0.0688,0.07,0.0653,0.0666,5741559.0
2023-07-15,0.0667,0.0678,0.0658,0.0666,2452319.0
2023-07-16,0.0666,0.0671,0.0646,0.0647,2958724.0
2023-07-17,0.0648,0.0664,0.0639,0.0657,4252149.0
2023-07-18,0.0657,0.0678,0.0649,0.067,10982964.0
2023-07-19,0.067,0.068,0.0656,0.0658,5017529.0
2023-07-20,0.0658,0.0671,0.0645,0.0652,3071203.0
2023-07-21,0.0654,0.0658,0.0644,0.0652,2625248.0
2023-07-22,0.0652,0.0658,0.0642,0.0644,1431194.0
2023-07-23,0.0645,0.0662,0.0636,0.0654,2761185.0
2023-07-24,0.0654,0.067,0.0606,0.0616,5683123.0
2023-07-25,0.0616,0.0648,0.0608,0.0626,3770569.0
2023-07-26,0.0626,0.0646,0.062,0.0637,1637112.0
2023-07-27,0.0637,0.0673,0.0633,0.0646,5928298.0
2023-07-28,0.0645,0.0648,0.0637,0.0643,1106505.0
2023-07-29,0.0642,0.0658,0.0641,0.0655,1561371.0
2023-07-30,0.0653,0.0669,0.063,0.0635,3431229.0
2023-07-31,0.0634,0.064,0.0627,0.063,2241682.0
2023-08-01,0.0631,0.0637,0.0619,0.0635,1131281.0
2023-08-02,0.0635,0.0639,0.0618,0.062,2116185.0
2023-08-03,0.062,0.0644,0.0614,0.0627,2498574.0
2023-08-04,0.0626,0.0628,0.0606,0.0611,1418962.0
2023-08-05,0.0612,0.0634,0.0605,0.0621,2124046.0
2023-08-06,0.062,0.0641,0.0619,0.0632,3000157.0
2023-08-07,0.0633,0.0658,0.0622,0.0646,5746380.0
2023-08-08,0.0646,0.0659,0.0641,0.0648,4423973.0
2023-08-09,0.0648,0.0653,0.0631,0.0634,2165960.0
2023-08-10,0.0634,0.0641,0.0627,0.0633,2235418.0
2023-08-11,0.0633,0.0633,0.0625,0.0626,710593.0
2023-08-12,0.0626,0.0633,0.0623,0.0632,1584530.0
2023-08-13,0.0631,0.0659,0.0627,0.0638,11074910.0
2023-08-14,0.0638,0.0733,0.0635,0.0656,49297413.0
2023-08-15,0.0656,0.0662,0.0612,0.0617,11453091.0
2023-08-16,0.0616,0.0628,0.0585,0.0591,5474016.0
2023-08-17,0.0591,0.0604,0.0533,0.0546,5685869.0
2023-08-18,0.0546,0.0558,0.0539,0.055,3236689.0
2023-08-19,0.055,0.0574,0.0549,0.0561,2032006.0
2023-08-20,0.0561,0.0568,0.0552,0.0561,3190348.0
2023-08-21,0.0561,0.0572,0.0542,0.0552,3088477.0
2023-08-22,0.0551,0.0555,0.0528,0.0542,3040681.0
2023-08-23,0.0542,0.0563,0.0541,0.0555,2077285.0
2023-08-24,0.0556,0.0566,0.0547,0.0553,1348889.0
2023-08-25,0.0554,0.0575,0.0542,0.0553,5992388.0
2023-08-26,0.0551,0.0554,0.0544,0.0544,1504415.0
2023-08-27,0.0545,0.0558,0.054,0.0548,1252596.0
2023-08-28,0.0549,0.0607,0.0535,0.0547,17293264.0
2023-08-29,0.0548,0.0563,0.0532,0.0558,6880988.0
2023-08-30,0.0559,0.056,0.0549,0.0552,2377734.0
2023-08-31,0.0553,0.0576,0.054,0.0546,8641763.0
2023-09-01,0.0546,0.0558,0.0532,0.0537,3472523.0
2023-09-02,0.0537,0.0566,0.0534,0.0551,9027873.0
2023-09-03,0.0551,0.0552,0.0538,0.0547,2763637.0
2023-09-04,0.0547,0.0556,0.054,0.0545,2741852.0
2023-09-05,0.0545,0.0576,0.0539,0.0564,5758050.0
2023-09-06,0.0564,0.0597,0.0555,0.0564,10485857.0
2023-09-07,0.0563,0.0574,0.0557,0.0568,5581286.0
2023-09-08,0.0568,0.0576,0.0553,0.0566,6205499.0
2023-09-09,0.0567,0.0614,0.0564,0.0576,15649218.0
2023-09-10,0.0578,0.058,0.0537,0.0547,6073458.0
2023-09-11,0.0547,0.0549,0.0517,0.0527,5290361.0
2023-09-12,0.0527,0.0573,0.0526,0.0527,10369501.0
2023-09-13,0.0527,0.0559,0.0524,0.0554,4228146.0
2023-09-14,0.0554,0.0574,0.055,0.0553,6258805.0
2023-09-15,0.0553,0.0566,0.0548,0.056,4707676.0
2023-09-16,0.056,0.0569,0.055,0.0566,3314358.0
2023-09-17,0.0565,0.0596,0.0551,0.0553,10505000.0
2023-09-18,0.0554,0.0578,0.055,0.0568,2869450.0
2023-09-19,0.0567,0.058,0.0566,0.0576,2505525.0
2023-09-20,0.0574,0.0678,0.0566,0.0632,82134125.0
2023-09-21,0.0632,0.0665,0.0574,0.0584,38594311.0
2023-09-22,0.0583,0.0592,0.0575,0.0583,8156719.0
2023-09-23,0.0582,0.0588,0.0577,0.0581,5417883.0
2023-09-24,0.0582,0.0586,0.0569,0.0576,6348347.0
2023-09-25,0.0576,0.0591,0.057,0.0583,4675695.0
2023-09-26,0.0584,0.0585,0.0563,0.0567,2935266.0
2023-09-27,0.0567,0.0576,0.056,0.0565,2646032.0
2023-09-28,0.0565,0.058,0.0564,0.0575,3257323.0
2023-09-29,0.0575,0.058,0.0572,0.0574,3164044.0
2023-09-30,0.0575,0.0589,0.0573,0.0581,2409032.0
2023-10-01,0.0581,0.0595,0.0577,0.0593,3503774.0
2023-10-02,0.0593,0.0595,0.0577,0.0581,5030713.0
2023-10-03,0.0581,0.0585,0.0566,0.0571,2727983.0
2023-10-04,0.057,0.0574,0.0553,0.0569,2284815.0
2023-10-05,0.0569,0.0571,0.0549,0.0557,3949342.0
2023-10-06,0.0556,0.0565,0.0549,0.0561,1892013.0
2023-10-07,0.0561,0.0561,0.055,0.0554,1595704.0
2023-10-08,0.0554,0.0559,0.0547,0.0555,1364250.0
2023-10-09,0.0555,0.0558,0.0529,0.0541,2369390.0
2023-10-10,0.0541,0.0546,0.053,0.0536,2243101.0
2023-10-11,0.0536,0.0565,0.0528,0.0534,8297775.0
2023-10-12,0.0534,0.0546,0.0524,0.0533,4388599.0
2023-10-13,0.0533,0.0556,0.0533,0.0542,3576081.0
2023-10-14,0.0542,0.0552,0.0536,0.0542,1780977.0
2023-10-15,0.0543,0.0573,0.0542,0.0559,4331645.0
2023-10-16,0.0559,0.0575,0.0553,0.0572,5116452.0
2023-10-17,0.0572,0.0626,0.0551,0.0561,34902314.0
2023-10-18,0.0561,0.0587,0.0556,0.0569,15185837.0
2023-10-19,0.0569,0.0575,0.0539,0.0557,7833446.0
2023-10-20,0.0557,0.0567,0.0551,0.0556,3249680.0
2023-10-21,0.0556,0.0587,0.0553,0.0567,7870937.0
2023-10-22,0.0567,0.0577,0.0559,0.0577,2978834.0
2023-10-23,0.0577,0.06,0.0568,0.0593,4953692.0
2023-10-24,0.0595,0.0639,0.0585,0.0615,23518465.0
2023-10-25,0.0613,0.0651,0.0603,0.0633,11879298.0
2023-10-26,0.0633,0.066,0.0605,0.0632,11657471.0
2023-10-27,0.0631,0.0631,0.0607,0.0618,4292289.0
2023-10-28,0.062,0.0644,0.0617,0.0635,4342594.0
2023-10-29,0.0637,0.0641,0.0629,0.0638,3737405.0
2023-10-30,0.0638,0.0656,0.063,0.0644,5361965.0
2023-10-31,0.0644,0.0659,0.0614,0.0635,5942039.0
2023-11-01,0.0635,0.0663,0.0619,0.0656,9720934.0
2023-11-02,0.0657,0.0669,0.063,0.0655,7724910.0
2023-11-03,0.0653,0.0658,0.0633,0.065,4090068.0
2023-11-04,0.0651,0.0668,0.0648,0.0664,5327237.0
2023-11-05,0.0664,0.0686,0.0654,0.0672,8315321.0
2023-11-06,0.0672,0.0693,0.0666,0.0688,7234917.0
2023-11-07,0.0687,0.0697,0.0662,0.0683,8485023.0
2023-11-08,0.0684,0.0711,0.0678,0.0702,8719168.0
2023-11-09,0.0702,0.0721,0.0667,0.0696,13541640.0
2023-11-10,0.0696,0.0716,0.069,0.0713,6389267.0
2023-11-11,0.0712,0.0728,0.0693,0.0722,7266055.0
2023-11-12,0.0722,0.0744,0.0694,0.0734,12248602.0
2023-11-13,0.0735,0.0742,0.0694,0.0701,6916388.0
2023-11-14,0.0701,0.0701,0.0652,0.068,7635551.0
2023-11-15,0.068,0.0719,0.0679,0.0708,7343964.0
2023-11-16,0.0708,0.0713,0.0663,0.0682,9231376.0
2023-11-17,0.0683,0.07,0.0647,0.0672,5251177.0
2023-11-18,0.0672,0.0675,0.0642,0.0668,3617537.0
2023-11-19,0.0669,0.0686,0.0657,0.0682,3025128.0
2023-11-20,0.0682,0.0693,0.0663,0.0681,5672808.0
2023-11-21,0.0683,0.0687,0.0612,0.0612,6857344.0
2023-11-22,0.0614,0.0654,0.0611,0.0651,3305394.0
2023-11-23,0.0649,0.0659,0.0639,0.0658,3232058.0
2023-11-24,0.0658,0.0688,0.0652,0.0673,5676413.0
2023-11-25,0.0675,0.074,0.067,0.071,18266947.0
2023-11-26,0.071,0.0734,0.069,0.0699,11493779.0
2023-11-27,0.0699,0.0704,0.0666,0.0688,10011821.0
2023-11-28,0.0687,0.0713,0.0671,0.0696,7814881.0
2023-11-29,0.0696,0.0724,0.0686,0.0703,7325051.0
2023-11-30,0.0703,0.075,0.07,0.0748,18269134.0
2023-12-01,0.0748,0.08,0.0727,0.0737,24013611.0
2023-12-02,0.0739,0.0744,0.0725,0.0739,5996834.0
2023-12-03,0.0739,0.075,0.073,0.0747,5785872.0
2023-12-04,0.0745,0.0758,0.0722,0.0741,7929690.0
2023-12-05,0.0743,0.0754,0.0726,0.0747,7350222.0
2023-12-06,0.0748,0.077,0.0739,0.0755,9556134.0
2023-12-07,0.0755,0.0761,0.0725,0.0754,10604844.0
2023-12-08,0.0753,0.0773,0.0744,0.077,8852913.0
2023-12-09,0.0771,0.0787,0.076,0.0772,9033583.0
2023-12-10,0.0774,0.0788,0.0753,0.0774,5738036.0
2023-12-11,0.0774,0.0779,0.0727,0.0741,8922560.0
2023-12-12,0.0741,0.076,0.073,0.0744,5742762.0
2023-12-13,0.0742,0.0755,0.072,0.0749,4750758.0
2023-12-14,0.075,0.0763,0.0741,0.076,6884188.0
2023-12-15,0.0759,0.0761,0.0722,0.0723,4600358.0
2023-12-16,0.0722,0.0745,0.072,0.074,3877630.0
2023-12-17,0.0739,0.0776,0.0728,0.074,15453412.0
2023-12-18,0.0738,0.0743,0.0717,0.0737,10494448.0
2023-12-19,0.0737,0.0776,0.0734,0.0755,11246172.0
2023-12-20,0.0755,0.079,0.0751,0.0778,12333282.0
2023-12-21,0.0778,0.081,0.0769,0.0802,11893840.0
2023-12-22,0.0803,0.09,0.0783,0.0857,36744575.0
2023-12-23,0.0857,0.1028,0.0827,0.087,73874654.0
2023-12-24,0.0871,0.0924,0.086,0.0876,21617337.0
2023-12-25,0.0876,0.0906,0.0864,0.0902,11291921.0
2023-12-26,0.0901,0.0991,0.0874,0.0942,30142839.0
2023-12-27,0.0944,0.0986,0.0913,0.093,16093825.0
2023-12-28,0.093,0.0936,0.0873,0.0888,8553173.0
2023-12-29,0.0888,0.0892,0.0837,0.0857,8783793.0
2023-12-30,0.0857,0.0874,0.0836,0.0845,6297788.0
2023-12-31,0.0845,0.0876,0.0832,0.084,5295118.0
2024-01-01,0.084,0.0883,0.0826,0.0875,6015489.0
2024-01-02,0.0873,0.0925,0.0868,0.0906,9625556.0
2024-01-03,0.0909,0.0915,0.078,0.0826,11807310.0
2024-01-04,0.0826,0.0867,0.081,0.0863,5683985.0
2024-01-05,0.0862,0.087,0.0812,0.0841,7006521.0
2024-01-06,0.0841,0.085,0.0813,0.0834,4495188.0
2024-01-07,0.0835,0.0845,0.0792,0.0796,5326627.0
2024-01-08,0.0796,0.0816,0.0753,0.0814,8179570.0
2024-01-09,0.0816,0.0817,0.0758,0.078,7399767.0
2024-01-10,0.078,0.084,0.0763,0.0827,6626240.0
2024-01-11,0.0827,0.0854,0.0805,0.0826,8728383.0
2024-01-12,0.0827,0.085,0.0781,0.08,7077753.0
2024-01-13,0.08,0.0828,0.0785,0.0818,4848497.0
2024-01-14,0.0818,0.0848,0.0804,0.0817,6222342.0
2024-01-15,0.0817,0.0845,0.0801,0.0811,5962399.0
2024-01-16,0.0811,0.0835,0.0795,0.0825,6617900.0
2024-01-17,0.0824,0.0836,0.0803,0.0811,4199844.0
2024-01-18,0.0811,0.0813,0.0757,0.0773,4515904.0
2024-01-19,0.0776,0.0799,0.0744,0.079,4879817.0
2024-01-20,0.0789,0.081,0.0782,0.0809,4006355.0
2024-01-21,0.0809,0.0816,0.0792,0.0793,3411352.0
2024-01-22,0.0795,0.0801,0.076,0.0761,7746078.0
2024-01-23,0.0763,0.0783,0.0733,0.0781,8199051.0
2024-01-24,0.0781,0.0803,0.076,0.0777,6684726.0
2024-01-25,0.0777,0.0787,0.0755,0.0773,5540360.0
2024-01-26,0.0772,0.0814,0.0768,0.0808,4885849.0
2024-01-27,0.0809,0.082,0.0801,0.0818,5228948.0
2024-01-28,0.0818,0.0825,0.0793,0.08,6261175.0
2024-01-29,0.0798,0.0862,0.0795,0.0824,16667917.0
2024-01-30,0.0826,0.0834,0.0804,0.0811,5607882.0
2024-01-31,0.0811,0.0814,0.0774,0.0781,5577889.0
2024-02-01,0.078,0.079,0.077,0.079,2604971.0
2024-02-02,0.0789,0.0794,0.0776,0.0787,2450427.0
2024-02-03,0.0787,0.0788,0.0776,0.078,2746721.0
2024-02-04,0.0781,0.0785,0.0764,0.0776,5529070.0
2024-02-05,0.0776,0.0789,0.0764,0.0779,6310470.0
2024-02-06,0.0778,0.0783,0.0758,0.0766,5225777.0
2024-02-07,0.0768,0.0793,0.0765,0.0787,4417356.0
2024-02-08,0.0789,0.0802,0.0786,0.0796,4458393.0
2024-02-09,0.0796,0.0833,0.0794,0.083,6617719.0
2024-02-10,0.083,0.0844,0.081,0.0822,5923174.0
2024-02-11,0.0822,0.0844,0.0814,0.0822,5362503.0
2024-02-12,0.082,0.0845,0.0803,0.0839,6086582.0
2024-02-13,0.0839,0.0881,0.0827,0.0865,16253926.0
2024-02-14,0.0864,0.09,0.0855,0.0874,11311617.0
2024-02-15,0.0874,0.0895,0.0868,0.0887,10095434.0
2024-02-16,0.0888,0.0922,0.0881,0.0921,8397263.0
2024-02-17,0.0921,0.0926,0.0864,0.0895,5611461.0
2024-02-18,0.0895,0.0957,0.0887,0.0942,9303609.0
2024-02-19,0.094,0.095,0.0919,0.0941,6995120.0
2024-02-20,0.0942,0.0985,0.0912,0.0945,11701587.0
2024-02-21,0.0946,0.096,0.0877,0.091,7782288.0
2024-02-22,0.091,0.0958,0.0895,0.0931,7184819.0
2024-02-23,0.0931,0.0952,0.0911,0.0941,5528592.0
2024-02-24,0.0943,0.1,0.0915,0.0987,10145600.0
2024-02-25,0.0987,0.1035,0.0959,0.0994,16768511.0
2024-02-26,0.0994,0.1023,0.0971,0.1008,11835299.0
2024-02-27,0.1008,0.1044,0.0998,0.1015,15797714.0
2024-02-28,0.1015,0.1044,0.0952,0.1008,15569452.0
2024-02-29,0.1007,0.1065,0.0996,0.1045,15771260.0
2024-03-01,0.1043,0.1079,0.1039,0.1065,12572044.0
2024-03-02,0.1065,0.1169,0.1054,0.1157,19030063.0
2024-03-03,0.1157,0.1169,0.107,0.1159,12293498.0
2024-03-04,0.1159,0.12,0.1102,0.1128,17292088.0
2024-03-05,0.1128,0.1183,0.0998,0.1066,20260638.0
2024-03-06,0.1067,0.115,0.104,0.1147,10666292.0
2024-03-07,0.1144,0.12,0.1113,0.1196,11873867.0
2024-03-08,0.1196,0.1249,0.1165,0.1232,22157749.0
2024-03-09,0.1232,0.1257,0.1218,0.1238,15597693.0
2024-03-10,0.1238,0.1258,0.1163,0.1214,24245762.0
2024-03-11,0.1214,0.1299,0.1179,0.1284,21317557.0
2024-03-12,0.1286,0.1329,0.1194,0.1292,23550068.0
2024-03-13,0.129,0.1484,0.1279,0.1416,43069791.0
2024-03-14,0.1418,0.1444,0.1272,0.1362,26508749.0
2024-03-15,0.1362,0.154,0.1317,0.1437,64207361.0
2024-03-16,0.1433,0.1513,0.1256,0.13,27132666.0
2024-03-17,0.1298,0.1329,0.1245,0.1301,16167861.0
2024-03-18,0.1303,0.184,0.1233,0.1564,126104171.0
2024-03-19,0.1559,0.1813,0.1328,0.158,229941416.0
2024-03-20,0.158,0.165,0.142,0.1577,49047864.0
2024-03-21,0.1577,0.1968,0.1562,0.185,92239631.0
2024-03-22,0.185,0.1866,0.1627,0.1665,29299060.0
2024-03-23,0.1666,0.1873,0.162,0.1762,25192572.0
2024-03-24,0.1762,0.2069,0.1759,0.1873,59243171.0
2024-03-25,0.1875,0.2623,0.1849,0.2478,164137897.0
2024-03-26,0.2478,0.3089,0.2211,0.2786,119237136.0
2024-03-27,0.2781,0.305,0.2387,0.247,77154530.0
2024-03-28,0.247,0.288,0.2378,0.2536,60857472.0
2024-03-29,0.2535,0.2971,0.2372,0.2661,61586004.0
2024-03-30,0.2657,0.29,0.255,0.2602,42951586.0
2024-03-31,0.2601,0.286,0.2455,0.2706,33865724.0
2024-04-01,0.2706,0.282,0.2462,0.2634,40983963.0
2024-04-02,0.2634,0.2656,0.2226,0.2305,33155107.0
2024-04-03,0.2304,0.2447,0.214,0.2192,24957022.0
2024-04-04,0.2195,0.2489,0.2058,0.2391,28290808.0
2024-04-05,0.2395,0.2444,0.2133,0.2311,20787545.0
2024-04-06,0.2311,0.2674,0.2287,0.2445,47599450.0
2024-04-07,0.2449,0.2574,0.2408,0.2475,20676972.0
2024-04-08,0.2475,0.2769,0.24,0.257,35565123.0
2024-04-09,0.257,0.2652,0.2408,0.2438,23208036.0
2024-04-10,0.2436,0.258,0.2355,0.253,22415289.0
2024-04-11,0.2526,0.261,0.2375,0.241,16254176.0
2024-04-12,0.2409,0.2673,0.203,0.2162,55066106.0
2024-04-13,0.2162,0.238,0.1799,0.201,38634388.0
2024-04-14,0.2014,0.2274,0.1941,0.2164,30298769.0
2024-04-15,0.2164,0.2352,0.1982,0.209,24735207.0
2024-04-16,0.2086,0.2178,0.196,0.2131,15396511.0
2024-04-17,0.2131,0.2183,0.1923,0.1994,14487206.0
2024-04-18,0.1994,0.2033,0.1889,0.1972,18301768.0
2024-04-19,0.1972,0.2034,0.1802,0.1939,17724197.0
2024-04-20,0.1938,0.21,0.191,0.2079,9516952.0
2024-04-21,0.2079,0.2116,0.1983,0.2009,10248260.0
2024-04-22,0.2008,0.2169,0.1994,0.2152,11990959.0
2024-04-23,0.2153,0.2197,0.2059,0.2104,12691149.0
2024-04-24,0.2104,0.2167,0.1926,0.1945,15986809.0
2024-04-25,0.1945,0.1964,0.1822,0.1888,12344939.0
2024-04-26,0.1886,0.1898,0.1786,0.184,9620757.0
2024-04-27,0.184,0.2016,0.1784,0.1858,26040507.0
2024-04-28,0.1857,0.19,0.1779,0.1796,9511642.0
2024-04-29,0.1795,0.1816,0.17,0.1788,11499575.0
2024-04-30,0.1788,0.1824,0.1564,0.1636,12894451.0
2024-05-01,0.1636,0.1718,0.1536,0.1701,14813208.0
2024-05-02,0.1699,0.1778,0.1632,0.1757,8266993.0
2024-05-03,0.1758,0.186,0.1727,0.184,9432312.0
2024-05-04,0.184,0.1908,0.1815,0.1881,9165104.0
2024-05-05,0.1879,0.1967,0.1848,0.195,10655226.0
2024-05-06,0.1947,0.1998,0.1875,0.1881,10962993.0
2024-05-07,0.1881,0.1979,0.1869,0.1894,9533516.0
2024-05-08,0.1894,0.1898,0.177,0.1828,12105959.0
2024-05-09,0.183,0.1853,0.175,0.1851,6198375.0
2024-05-10,0.1852,0.193,0.1757,0.177,8258316.0
2024-05-11,0.177,0.1816,0.176,0.176,4597473.0
2024-05-12,0.176,0.1903,0.1708,0.1713,18728867.0
2024-05-13,0.1711,0.1771,0.1617,0.1722,7859249.0
2024-05-14,0.1723,0.1782,0.1653,0.169,6420374.0
2024-05-15,0.169,0.1855,0.168,0.1845,7380690.0
2024-05-16,0.1846,0.1886,0.1759,0.1807,5570484.0
2024-05-17,0.1806,0.1955,0.1799,0.1896,9024767.0
2024-05-18,0.1896,0.205,0.189,0.1963,11589757.0
2024-05-19,0.1963,0.2041,0.1851,0.1928,9867691.0
2024-05-20,0.1928,0.2067,0.1865,0.2061,18038829.0
2024-05-21,0.2061,0.2232,0.1969,0.2151,22652092.0
2024-05-22,0.2153,0.2262,0.207,0.2168,11803238.0
2024-05-23,0.2168,0.2192,0.2005,0.2147,9829946.0
2024-05-24,0.2147,0.2313,0.2112,0.2143,14901862.0
2024-05-25,0.2143,0.23,0.2131,0.2247,7988536.0
2024-05-26,0.225,0.2255,0.2114,0.2212,8511083.0
2024-05-27,0.2208,0.2255,0.211,0.2205,8467300.0
2024-05-28,0.2209,0.2234,0.2017,0.2086,12031709.0
2024-05-29,0.2086,0.2182,0.206,0.2092,9802517.0
2024-05-30,0.2092,0.2155,0.201,0.2079,7506326.0
2024-05-31,0.208,0.2253,0.203,0.2196,17636540.0
2024-06-01,0.2195,0.2274,0.2158,0.2174,8456438.0
2024-06-02,0.2171,0.2233,0.2104,0.2142,7757067.0
2024-06-03,0.2142,0.2162,0.2082,0.2102,7029035.0
2024-06-04,0.21,0.2172,0.2049,0.2128,8079955.0
2024-06-05,0.213,0.2168,0.2047,0.2068,9758208.0
2024-06-06,0.2069,0.2098,0.2025,0.2041,6598824.0
2024-06-07,0.2041,0.2076,0.1594,0.1795,15937850.0
2024-06-08,0.1793,0.1819,0.1693,0.1708,8677185.0
2024-06-09,0.1706,0.1779,0.1671,0.1772,4863766.0
2024-06-10,0.1772,0.1965,0.1718,0.1753,25475968.0
2024-06-11,0.1752,0.1757,0.155,0.1615,11391604.0
2024-06-12,0.1615,0.1742,0.1591,0.1679,7946055.0
2024-06-13,0.1681,0.1753,0.157,0.1595,18144646.0
2024-06-14,0.1594,0.1657,0.15,0.1572,8838838.0
2024-06-15,0.157,0.1623,0.1541,0.1573,5129164.0
2024-06-16,0.1573,0.1623,0.1537,0.1612,4756201.0
2024-06-17,0.1613,0.1638,0.1385,0.1456,11422453.0
2024-06-18,0.1455,0.1474,0.1231,0.1308,13212768.0
2024-06-19,0.1308,0.1385,0.1289,0.1304,8091941.0
2024-06-20,0.1304,0.1439,0.1294,0.1326,10294885.0
2024-06-21,0.1326,0.1416,0.129,0.1373,10805215.0
2024-06-22,0.1372,0.1382,0.129,0.1325,7300464.0
2024-06-23,0.1324,0.1362,0.1234,0.1243,8864069.0
2024-06-24,0.1244,0.1318,0.1186,0.1315,9896187.0
2024-06-25,0.1314,0.135,0.1285,0.1325,6964785.0
2024-06-26,0.1325,0.1342,0.1263,0.1291,5421724.0
2024-06-27,0.1292,0.1382,0.1263,0.1373,7010407.0
2024-06-28,0.1373,0.1424,0.1333,0.1336,8909404.0
2024-06-29,0.1336,0.1352,0.1257,0.1261,5070741.0
2024-06-30,0.1263,0.1357,0.1238,0.1343,8128890.0
2024-07-01,0.1343,0.1366,0.1304,0.132,5502811.0
2024-07-02,0.132,0.1333,0.1281,0.1295,4855274.0
2024-07-03,0.1295,0.131,0.1224,0.1237,5250689.0
2024-07-04,0.1237,0.1248,0.1109,0.1117,8074653.0
2024-07-05,0.1117,0.1118,0.0899,0.1035,16116098.0
2024-07-06,0.1034,0.1129,0.1013,0.1113,6445716.0
2024-07-07,0.1113,0.1116,0.1028,0.1035,5090170.0
2024-07-08,0.1035,0.1125,0.1004,0.1103,7768743.0
2024-07-09,0.1104,0.1135,0.1089,0.1125,6789257.0
2024-07-10,0.1124,0.115,0.1111,0.1139,5890113.0
2024-07-11,0.1138,0.1193,0.1119,0.1134,9196367.0
2024-07-12,0.1134,0.1167,0.1094,0.1163,4914898.0
2024-07-13,0.1164,0.1185,0.1145,0.1178,5814987.0
2024-07-14,0.1179,0.1207,0.1169,0.1202,6728278.0
2024-07-15,0.1202,0.1262,0.1198,0.1247,8029236.0
2024-07-16,0.1247,0.1248,0.1158,0.1198,12003272.0
2024-07-17,0.1199,0.1226,0.117,0.12,6003165.0
2024-07-18,0.12,0.1227,0.1135,0.1163,4938062.0
2024-07-19,0.1162,0.124,0.1132,0.1238,4459346.0
2024-07-20,0.1238,0.1253,0.1219,0.1241,4296315.0
2024-07-21,0.1241,0.1255,0.118,0.1254,4828802.0
2024-07-22,0.1253,0.1261,0.1194,0.1202,5748177.0
2024-07-23,0.1202,0.1226,0.1158,0.119,5608052.0
2024-07-24,0.119,0.1238,0.1148,0.1154,7966395.0
2024-07-25,0.1155,0.1172,0.1112,0.1164,6591208.0
2024-07-26,0.1164,0.1228,0.1164,0.1224,5098776.0
2024-07-27,0.1223,0.1228,0.1181,0.1203,5750364.0
2024-07-28,0.1204,0.1229,0.1168,0.1215,5955766.0
2024-07-29,0.1214,0.1263,0.1182,0.1194,8817984.0
2024-07-30,0.1196,0.1232,0.1158,0.1167,6524266.0
2024-07-31,0.1167,0.1207,0.114,0.1141,6926851.0
2024-08-01,0.1143,0.1151,0.1061,0.1133,6679287.0
2024-08-02,0.1134,0.1148,0.1024,0.1037,6528130.0
2024-08-03,0.1039,0.107,0.0971,0.0995,5611932.0
2024-08-04,0.0994,0.1038,0.0938,0.0946,7200549.0
2024-08-05,0.0948,0.0955,0.0781,0.0898,20185190.0
2024-08-06,0.0899,0.0949,0.0882,0.0942,6912353.0
2024-08-07,0.0942,0.0976,0.0896,0.094,7961579.0
2024-08-08,0.0939,0.1029,0.0921,0.1027,9041654.0
2024-08-09,0.1029,0.1033,0.0984,0.1004,5152022.0
2024-08-10,0.1005,0.1027,0.0981,0.1013,3276933.0
2024-08-11,0.1015,0.1021,0.097,0.098,5302569.0
2024-08-12,0.098,0.1032,0.0962,0.1004,5068467.0
2024-08-13,0.1005,0.1015,0.0957,0.1002,4680640.0
2024-08-14,0.1002,0.1037,0.0962,0.0973,4800430.0
2024-08-15,0.0973,0.0985,0.0906,0.0916,7176437.0
2024-08-16,0.0916,0.095,0.0902,0.0943,4080983.0
2024-08-17,0.0945,0.0987,0.0932,0.0972,6852844.0
2024-08-18,0.0972,0.1074,0.096,0.1025,14868156.0
2024-08-19,0.1025,0.1072,0.0989,0.1067,15946675.0
2024-08-20,0.1065,0.1107,0.1052,0.1087,12123750.0
2024-08-21,0.1087,0.115,0.1077,0.1146,11377096.0
2024-08-22,0.1145,0.115,0.1094,0.1116,7909762.0
2024-08-23,0.1117,0.1207,0.1117,0.1204,11066227.0
2024-08-24,0.1203,0.1238,0.1158,0.1218,9608030.0
2024-08-25,0.1217,0.1224,0.1119,0.1176,6199153.0
2024-08-26,0.1176,0.1218,0.1102,0.1112,7736556.0
2024-08-27,0.1112,0.1171,0.105,0.106,11365899.0
2024-08-28,0.1059,0.114,0.1044,0.108,7713173.0
2024-08-29,0.1081,0.114,0.107,0.1095,6839174.0
2024-08-30,0.1093,0.1108,0.1022,0.1073,5606381.0
2024-08-31,0.1073,0.1076,0.1026,0.106,4758614.0
2024-09-01,0.1061,0.1076,0.102,0.1031,6680971.0
2024-09-02,0.1031,0.1091,0.103,0.108,7154843.0
2024-09-03,0.108,0.1109,0.1036,0.1041,7489427.0
2024-09-04,0.104,0.1074,0.0978,0.1054,10026538.0
2024-09-05,0.1055,0.1063,0.1002,0.1015,4888484.0
2024-09-06,0.1013,0.1055,0.0954,0.0991,6780674.0
2024-09-07,0.0993,0.1034,0.0982,0.0994,4634342.0
2024-09-08,0.0996,0.1038,0.0991,0.1026,4376300.0
2024-09-09,0.1027,0.1096,0.1023,0.1084,5562414.0
2024-09-10,0.1083,0.113,0.1069,0.111,10039103.0
2024-09-11,0.111,0.1171,0.1053,0.1127,17289811.0
2024-09-12,0.1126,0.116,0.1097,0.1143,6921948.0
2024-09-13,0.1144,0.1283,0.113,0.1173,34667575.0
2024-09-14,0.1172,0.121,0.1136,0.1194,10166600.0
2024-09-15,0.1196,0.1238,0.1153,0.117,12683462.0
2024-09-16,0.1168,0.124,0.1134,0.1154,17271539.0
2024-09-17,0.1152,0.1285,0.1145,0.1264,21210224.0
2024-09-18,0.1263,0.1354,0.1218,0.1316,26049195.0
2024-09-19,0.1318,0.1427,0.1268,0.1292,19688583.0
2024-09-20,0.1289,0.136,0.1277,0.1293,10463328.0
2024-09-21,0.1292,0.1349,0.1279,0.1336,5322819.0
2024-09-22,0.1336,0.1343,0.1243,0.1286,5715732.0
2024-09-23,0.129,0.1341,0.1268,0.1317,7004210.0
2024-09-24,0.1313,0.137,0.129,0.1367,5618580.0
2024-09-25,0.1367,0.1377,0.1303,0.1317,5267291.0
2024-09-26,0.1317,0.1366,0.1289,0.1326,6102491.0
2024-09-27,0.1324,0.1365,0.1315,0.1334,6736530.0
2024-09-28,0.1334,0.1357,0.1246,0.1267,8056243.0
2024-09-29,0.1267,0.1319,0.1244,0.1304,7169035.0
2024-09-30,0.1305,0.1309,0.1219,0.1241,7294897.0
2024-10-01,0.1239,0.1274,0.1085,0.1132,9557290.0
2024-10-02,0.1132,0.1275,0.1119,0.116,23311624.0
2024-10-03,0.1161,0.1212,0.1116,0.1179,7877559.0
2024-10-04,0.1177,0.1215,0.1149,0.1185,6345966.0
2024-10-05,0.1187,0.1212,0.1145,0.1174,5745078.0
2024-10-06,0.1175,0.1204,0.1161,0.1193,4858351.0
2024-10-07,0.1193,0.1236,0.119,0.1208,5446022.0
2024-10-08,0.1208,0.1243,0.1159,0.1212,8916754.0
2024-10-09,0.1212,0.1229,0.113,0.1152,6992679.0
2024-10-10,0.1152,0.1171,0.1092,0.1113,4894440.0
2024-10-11,0.1113,0.1193,0.1109,0.1187,4174146.0
2024-10-12,0.1188,0.1209,0.118,0.1196,3119209.0
2024-10-13,0.1194,0.12,0.112,0.1179,5810079.0
2024-10-14,0.1179,0.1226,0.1162,0.1216,7043487.0
2024-10-15,0.1216,0.1229,0.1177,0.1212,9551584.0
2024-10-16,0.1211,0.122,0.1175,0.121,5033328.0
2024-10-17,0.121,0.1217,0.1153,0.118,4691031.0
2024-10-18,0.118,0.1219,0.1173,0.1214,3532972.0
2024-10-19,0.1213,0.1229,0.1195,0.1218,3398325.0
2024-10-20,0.1217,0.1267,0.1201,0.1242,6761268.0
2024-10-21,0.1244,0.1252,0.1196,0.1234,8297127.0
2024-10-22,0.1234,0.1317,0.12,0.1239,26310563.0
2024-10-23,0.1239,0.1243,0.113,0.1172,9298212.0
2024-10-24,0.1171,0.1219,0.1165,0.1202,4675602.0
2024-10-25,0.1202,0.1207,0.1119,0.1149,6577353.0
2024-10-26,0.1147,0.1174,0.1119,0.1155,4776732.0
2024-10-27,0.1153,0.1172,0.1123,0.1161,4518595.0
2024-10-28,0.116,0.1197,0.113,0.119,4537221.0
2024-10-29,0.119,0.1249,0.1187,0.1242,5580725.0
2024-10-30,0.1242,0.1249,0.1205,0.1216,6984685.0
2024-10-31,0.1215,0.1227,0.115,0.1164,5609354.0
2024-11-01,0.1164,0.1196,0.1114,0.113,6164463.0
2024-11-02,0.1129,0.1189,0.1123,0.1147,11848964.0
2024-11-03,0.1149,0.116,0.1014,0.1088,13891059.0
2024-11-04,0.109,0.1134,0.108,0.1097,6135454.0
2024-11-05,0.1098,0.1181,0.1096,0.116,11795112.0
2024-11-06,0.1159,0.1229,0.1146,0.1201,13372615.0
2024-11-07,0.1201,0.1239,0.1104,0.1163,17202050.0
2024-11-08,0.1163,0.1189,0.1139,0.1187,9640908.0
2024-11-09,0.1187,0.1218,0.1163,0.1211,7497512.0
2024-11-10,0.1211,0.1295,0.1194,0.1259,12139936.0
2024-11-11,0.126,0.129,0.1201,0.126,13201589.0
2024-11-12,0.126,0.1284,0.1169,0.1229,16561393.0
2024-11-13,0.1229,0.1245,0.1122,0.1153,14388921.0
2024-11-14,0.1154,0.1197,0.1105,0.1124,12706428.0
2024-11-15,0.1124,0.1193,0.1098,0.1193,10318220.0
2024-11-16,0.1193,0.1332,0.1167,0.1271,42992507.0
2024-11-17,0.1272,0.1421,0.1202,0.1291,34610375.0
2024-11-18,0.1293,0.185,0.1291,0.1519,210948765.0
2024-11-19,0.1515,0.182,0.138,0.176,94005132.0
2024-11-20,0.176,0.1947,0.1467,0.1488,88472921.0
2024-11-21,0.1486,0.1732,0.1459,0.1638,38549971.0
2024-11-22,0.1637,0.17,0.156,0.1604,26229093.0
2024-11-23,0.1606,0.1785,0.1571,0.1708,31950863.0
2024-11-24,0.1708,0.1798,0.1594,0.1783,17907570.0
2024-11-25,0.1786,0.2,0.1699,0.1728,45283692.0
2024-11-26,0.1729,0.1871,0.1657,0.1852,19154806.0
2024-11-27,0.1852,0.1986,0.1821,0.1878,24332285.0
2024-11-28,0.1877,0.1878,0.1732,0.179,15891612.0
2024-11-29,0.1788,0.1931,0.1773,0.1894,12138078.0
2024-11-30,0.1896,0.2025,0.1844,0.1981,15757197.0
2024-12-01,0.1983,0.2042,0.192,0.1981,13416934.0
2024-12-02,0.1978,0.2016,0.1821,0.1999,21621938.0
2024-12-03,0.1999,0.23,0.197,0.2245,39881841.0
2024-12-04,0.2241,0.24,0.2,0.2313,42953268.0
2024-12-05,0.2317,0.2382,0.2097,0.2265,31235959.0
2024-12-06,0.2265,0.2369,0.2148,0.2209,21594120.0
2024-12-07,0.2212,0.2234,0.212,0.2151,15939883.0
2024-12-08,0.2153,0.2257,0.2108,0.2235,16599581.0
2024-12-09,0.2237,0.2238,0.168,0.184,24605185.0
2024-12-10,0.1841,0.1974,0.17,0.1847,16898953.0
2024-12-11,0.1843,0.198,0.1756,0.194,11444310.0
2024-12-12,0.1935,0.203,0.1906,0.1966,13566827.0
2024-12-13,0.1966,0.199,0.1886,0.1973,9275778.0
2024-12-14,0.1974,0.1988,0.183,0.1915,9649336.0
2024-12-15,0.1916,0.1987,0.1831,0.1925,9332749.0
2024-12-16,0.1925,0.1965,0.183,0.1863,7992464.0
2024-12-17,0.1863,0.1867,0.1688,0.1705,11648708.0
2024-12-18,0.1705,0.1717,0.152,0.1533,12830377.0
2024-12-19,0.1532,0.1635,0.1382,0.144,14063626.0
2024-12-20,0.1439,0.1518,0.127,0.1506,13779119.0
2024-12-21,0.1506,0.1584,0.1402,0.1448,16560255.0
2024-12-22,0.1449,0.1501,0.139,0.1428,8413783.0
2024-12-23,0.143,0.1558,0.1395,0.1531,7516896.0
2024-12-24,0.1532,0.1614,0.1487,0.1575,13987999.0
2024-12-25,0.1575,0.1589,0.1536,0.156,6313908.0
2024-12-26,0.1558,0.157,0.1426,0.1452,6570886.0
2024-12-27,0.1452,0.15,0.1436,0.1494,7615569.0
2024-12-28,0.1495,0.1717,0.1488,0.1625,42789650.0
2024-12-29,0.1625,0.1748,0.152,0.1545,38625281.0
2024-12-30,0.1544,0.1683,0.1495,0.1534,16303079.0
2024-12-31,0.1536,0.1558,0.1475,0.1491,8232947.0
2025-01-01,0.1491,0.1563,0.1471,0.1533,7472027.0
2025-01-02,0.1534,0.1585,0.1522,0.1544,7969390.0
2025-01-03,0.1544,0.158,0.1499,0.1571,6848956.0
2025-01-04,0.1571,0.1619,0.155,0.1571,7656208.0
2025-01-05,0.1571,0.158,0.1538,0.1563,7058096.0
2025-01-06,0.1563,0.1605,0.154,0.1574,5509187.0
2025-01-07,0.1577,0.1579,0.1372,0.14,10910493.0
2025-01-08,0.14,0.1419,0.1271,0.132,8939948.0
2025-01-09,0.1317,0.1375,0.1276,0.1313,7384828.0
2025-01-10,0.1312,0.1365,0.1264,0.1343,10135943.0
2025-01-11,0.1342,0.1352,0.1272,0.1275,5933560.0
2025-01-12,0.1277,0.13,0.1243,0.1259,5907334.0
2025-01-13,0.1256,0.1291,0.1124,0.1232,10851043.0
2025-01-14,0.123,0.1281,0.1219,0.1269,5034898.0
2025-01-15,0.1271,0.1318,0.1214,0.1314,6431122.0
2025-01-16,0.1315,0.1339,0.1266,0.1302,4882204.0
2025-01-17,0.1302,0.1391,0.1299,0.1382,5207015.0
2025-01-18,0.138,0.1385,0.1233,0.1257,6093201.0
2025-01-19,0.1256,0.1294,0.1057,0.1059,18635136.0
2025-01-20,0.1059,0.1156,0.099,0.1035,14609172.0
2025-01-21,0.1033,0.1128,0.0982,0.1087,10608982.0
2025-01-22,0.1087,0.1104,0.106,0.1081,5932551.0
2025-01-23,0.1082,0.1127,0.1029,0.109,11270449.0
2025-01-24,0.1089,0.1095,0.1002,0.1014,9229183.0
2025-01-25,0.1014,0.1048,0.0977,0.1004,8192470.0
2025-01-26,0.1,0.1087,0.1,0.1003,9637523.0
2025-01-27,0.1004,0.1024,0.0877,0.099,17329290.0
2025-01-28,0.099,0.1022,0.0904,0.0918,9628871.0
2025-01-29,0.0919,0.0982,0.0904,0.0944,9196268.0
2025-01-30,0.0944,0.1016,0.0934,0.0999,7199789.0
2025-01-31,0.0996,0.1049,0.0968,0.0984,9717063.0
2025-02-01,0.0984,0.1005,0.0872,0.0879,10146273.0
2025-02-02,0.0881,0.0903,0.0732,0.0772,17918472.0
2025-02-03,0.0772,0.0807,0.06,0.0799,28581649.0
2025-02-04,0.0796,0.0802,0.0726,0.0769,11843982.0
2025-02-05,0.0769,0.0807,0.0752,0.0788,12352337.0
2025-02-06,0.079,0.0798,0.07,0.071,10380933.0
2025-02-07,0.071,0.0773,0.07,0.0722,7346847.0
2025-02-08,0.0721,0.0769,0.0705,0.0765,6802704.0
2025-02-09,0.0765,0.0786,0.072,0.0756,6063497.0
2025-02-10,0.0754,0.0792,0.0724,0.0785,7704513.0
2025-02-11,0.0785,0.0831,0.0753,0.0766,19106137.0
2025-02-12,0.0766,0.083,0.0742,0.0818,28003675.0
2025-02-13,0.0818,0.0835,0.0767,0.0802,7457946.0
2025-02-14,0.0803,0.0866,0.0795,0.0835,16867990.0
2025-02-15,0.0837,0.0844,0.0806,0.0818,7281401.0
2025-02-16,0.0817,0.0932,0.081,0.0827,29339416.0
2025-02-17,0.0826,0.0889,0.0811,0.087,16176604.0
2025-02-18,0.087,0.0876,0.0746,0.0793,15479627.0
2025-02-19,0.0795,0.0829,0.0781,0.0796,7811397.0
2025-02-20,0.0793,0.0836,0.079,0.0829,8122465.0
2025-02-21,0.0831,0.0876,0.0746,0.0776,13729257.0
2025-02-22,0.0774,0.0842,0.0769,0.0839,8177136.0
2025-02-23,0.0839,0.0853,0.0816,0.083,6467229.0
2025-02-24,0.0831,0.0837,0.0732,0.0739,11531321.0
2025-02-25,0.0737,0.0754,0.0682,0.0737,11793798.0
2025-02-26,0.0737,0.077,0.0707,0.0742,8709461.0
2025-02-27,0.0743,0.0791,0.0726,0.0773,9046672.0
2025-02-28,0.0773,0.0788,0.0699,0.0766,10911733.0
2025-03-01,0.0764,0.0767,0.0729,0.0749,6027175.0
2025-03-02,0.075,0.0815,0.0741,0.0812,8914118.0
2025-03-03,0.081,0.0816,0.0692,0.0702,8893631.0
2025-03-04,0.0702,0.0707,0.0631,0.0666,12839783.0
2025-03-05,0.0666,0.0714,0.0661,0.0706,7513709.0
2025-03-06,0.0707,0.0731,0.0679,0.0685,7204484.0
2025-03-07,0.0685,0.071,0.0655,0.0682,6595016.0
2025-03-08,0.0682,0.0696,0.0652,0.067,4499893.0
2025-03-09,0.0671,0.0674,0.0588,0.0603,11369822.0
2025-03-10,0.0603,0.0636,0.0564,0.0574,8810958.0
2025-03-11,0.0574,0.0626,0.0537,0.061,10657165.0
2025-03-12,0.061,0.0637,0.0581,0.0621,13842709.0
2025-03-13,0.0622,0.0635,0.0599,0.0617,8869666.0
2025-03-14,0.0617,0.0646,0.0615,0.0639,6648581.0
2025-03-15,0.064,0.0654,0.0625,0.0652,4506127.0
2025-03-16,0.0652,0.0654,0.0619,0.0628,6072970.0
2025-03-17,0.0628,0.0673,0.0628,0.0666,7671119.0
2025-03-18,0.0666,0.0666,0.0621,0.0651,7277500.0
2025-03-19,0.0651,0.068,0.0646,0.067,6787971.0
2025-03-20,0.0672,0.0673,0.0646,0.065,4054682.0
2025-03-21,0.065,0.0657,0.0626,0.0634,6185788.0
2025-03-22,0.0635,0.0655,0.0629,0.0636,4965446.0
2025-03-23,0.0636,0.0645,0.0617,0.0623,4836694.0
2025-03-24,0.0624,0.0651,0.0614,0.0642,5304044.0
2025-03-25,0.0641,0.0647,0.0622,0.0637,4907062.0
2025-03-26,0.0638,0.0645,0.0614,0.0619,6303719.0
2025-03-27,0.062,0.0642,0.0605,0.0615,7077196.0
2025-03-28,0.0615,0.0617,0.0552,0.0565,7233375.0
2025-03-29,0.0564,0.0572,0.0532,0.0541,6857890.0
2025-03-30,0.054,0.0573,0.053,0.0539,6798520.0
2025-03-31,0.0539,0.0557,0.0526,0.0552,7850050.0
2025-04-01,0.055,0.0562,0.0531,0.0538,8294469.0
2025-04-02,0.0538,0.0539,0.0482,0.0486,8936142.0
2025-04-03,0.0487,0.0496,0.0247,0.0341,134827287.0
2025-04-04,0.034,0.0485,0.033,0.0401,239687951.0
2025-04-05,0.0401,0.0412,0.0317,0.0357,96882485.0
2025-04-06,0.0357,0.0396,0.0324,0.0336,52201204.0
2025-04-07,0.0334,0.034,0.0292,0.0325,30422596.0
2025-04-08,0.0324,0.0341,0.0273,0.028,35453268.0
2025-04-09,0.028,0.0351,0.0271,0.0324,34225408.0
2025-04-10,0.0323,0.0347,0.0277,0.0285,41775233.0
2025-04-11,0.0285,0.0304,0.0279,0.0283,16941628.0
2025-04-12,0.0284,0.0299,0.0268,0.0287,20917756.0
2025-04-13,0.0286,0.033,0.0231,0.0242,50317826.0
2025-04-14,0.0242,0.0264,0.0234,0.0241,22900140.0
2025-04-15,0.024,0.0245,0.0232,0.0234,18778092.0
2025-04-16,0.0234,0.0289,0.0232,0.0241,86793550.0
2025-04-17,0.0241,0.0254,0.0232,0.0242,26023522.0
2025-04-18,0.0243,0.0388,0.0237,0.0302,238190580.0
2025-04-19,0.0302,0.0321,0.027,0.0291,93656207.0
2025-04-20,0.0291,0.0463,0.0289,0.0382,237336857.0
2025-04-21,0.0383,0.0436,0.0324,0.0328,79247348.0
2025-04-22,0.0329,0.0345,0.0315,0.0337,25282677.0
2025-04-23,0.0337,0.0369,0.0331,0.0367,22790054.0
2025-04-24,0.0365,0.0409,0.0347,0.0404,83307965.0
2025-04-25,0.0404,0.0483,0.0396,0.0423,121890079.0
2025-04-26,0.0423,0.0598,0.0402,0.0476,161528333.0
2025-04-27,0.0478,0.0512,0.044,0.045,76180405.0
2025-04-28,0.0451,0.047,0.0415,0.0466,26066891.0
2025-04-29,0.0464,0.0476,0.0423,0.0429,17128476.0
2025-04-30,0.0429,0.0569,0.042,0.0536,103994071.0
2025-05-01,0.0536,0.0546,0.0501,0.0513,39011362.0
2025-05-02,0.0512,0.052,0.0478,0.0494,17638071.0
2025-05-03,0.0496,0.0526,0.0462,0.0479,21493935.0
2025-05-04,0.048,0.0481,0.0447,0.046,13769596.0
2025-05-05,0.0458,0.0475,0.0446,0.045,15236129.0
2025-05-06,0.045,0.0456,0.0396,0.0418,17720330.0
2025-05-07,0.0418,0.0436,0.0402,0.042,10904355.0
2025-05-08,0.042,0.0477,0.0409,0.0467,20399394.0
2025-05-09,0.0467,0.0502,0.0458,0.0476,25521922.0
2025-05-10,0.0478,0.05,0.0462,0.049,26312937.0
2025-05-11,0.049,0.0508,0.0471,0.048,17072533.0
2025-05-12,0.048,0.0512,0.0449,0.0464,21965365.0
2025-05-13,0.0462,0.0486,0.0444,0.047,13458426.0
2025-05-14,0.0472,0.0484,0.043,0.0435,10820774.0
2025-05-15,0.0435,0.0442,0.0385,0.0399,15172077.0
2025-05-16,0.0399,0.0438,0.0377,0.0379,13928029.0
2025-05-17,0.0379,0.0501,0.0372,0.0471,149565929.0
2025-05-18,0.0471,0.0532,0.0436,0.0471,142353293.0
